use netflix;

insert into netflix_tipo_documento (id_documento, siglas, nombre_tipo_documento)
values (1, 'CC', 'Cedula de Ciudadania'),
	   (2, 'CE', 'Cedula Extranjera'),
       (3, 'PAS', 'Pasaporte');
       
insert into netflix_rol (id_rol, nombre_rol)
values 	(1, 'Administrador'),
		(2, 'Usuario');
       
insert into netflix_plan (id_plan, nombre_plan, caracteristicas_plan, costo_plan)
values 	(1, 'Basico', '720p', '16.900' ),
		(2, 'Estandar', '1080p', '24.900'),
        (3, 'Premium', '1920p', '32.900');
        
insert into netflix_tipo_pago (id_tipo_pago, nombre_de_pago, descripcion)
values 	(1, 'Tarjeta Debito o Credito', 'Visa, MasterCard, American Express, Diners Club'),
        (2, 'Codigo Regalo', 'Pin o Codigo Netflix');
        
insert into netflix_peliculas (id_peliculas, nombre_pelicula, duracion, año, sinopsis, calificacion, estado)
values 	(1, 'Avengers Endgame', '03:10:00', '2019-04-25', 'Después de los devastadores eventos ocurridos en Vengadores: Infinity War, el universo está en ruinas debido a las acciones de Thanos, el Titán Loco.', '4.4', 1),
		(2, 'Rec', '01:20:00', '2007-11-23', 'Acompañada de un cámara, sera testigo del infierno en la tierra', '4.1', 1),
        (3, 'Odisea en el espacio', '02:21:00', '1968-10-17', 'Una elipsis nos traslada desde la era prehistórica hasta la era espacial.', '4.8', 1),
        (4, 'Ali', '02:38:00', '2002-04-26', 'Alí recrea la historia de este gran boxeador que mantuvo en vilo a los fans de este deporte durante años.', '3.1', 1),
        (5, 'Toy Story 4', '01:40:00', '2019-06-21', 'la pandilla de juguetes, están a punto de hacer un viaje familiar por carretera con Bonnie, su querida dueña.', '4.1', 1),
        (6, 'Aladdín', '02:09:00', '2019-05-24', 'Esta nueva adaptación musical en acción real del clásico de Disney Aladdín (1992)', '4.1', 1),
        (7, 'Interstellar', '02:16:00', '2014-08-01', 'La película presenta a un equipo de astronautas que viaja a través de un agujero de gusano en busca de un nuevo hogar para la humanidad', '4.8', 1),
        (8, 'Gravity', '01:30:00', '2013-10-04', 'Se trata de su primera expedición a bordo de un cohete espacial.', '3.8', 1),
        (9, 'Apolo 11', '01:33:00', '2019-06-16','16 de julio de 1969. Después de años de preparación y de intentos fallidos, la misión Apolo 11 de la NASA despega rumbo a la luna.', '4.6', 1),
		(10, 'Joker', '02:09:00', '2019-10-04', 'Joker mostrará por primera vez los orígenes del icónico archienemigo por excelencia de Bruce Wayne/Batman.', '4.4', 1),
        (11, 'La Pasión de Cristo', '01:44:00', '2004-02-25', 'El guion de la película se basa en los Evangelios', '4.2', 1),
        (12, 'la vendedora de rosas', '01:20:00', '1998-08-26', 'La historia cuenta los acontecimientos vividos por Mónica, una niña de 13 años que vende rosas en la ciudad de Medellín', '3.8', 1),
        (13, 'It Capítulo dos', '02:50:00', '2019-09-06', 'Han pasado casi 30 desde que el Club de Perdedores formado por Bill, se enfrentaran al macabro y despiadado Pennywise.', '3.9', 1),
        (14, 'Grease', '01:10:00', '1978-08-09', 'es una película musical de 1978 ambientada en los años 60', '3.9', 1),
		(15, 'Alita: Battle Angel', '02:02:00', '2019-02-19', 'Alita es una cyborg semi-humana a la que rescata de entre la chatarra el Doctor Dyson Ido, un científico que la reconstruye y la adopta como su hija.', '4.0', 1),
		(16, 'No', '01:18:00', '2012-06-21', 'En 1988, la presión aumenta en contra del dictador chileno Augusto Pinochet, obligándolo a realizar un referéndum por su presidencia.', '3.8', 1),
		(17, 'Titanic', '02:41:00', '1997-08-15', 'Titanic es una película estadounidense dramática de catástrofe', '4.4', 1),
		(18, 'Police Story', '01:10:00', '2013-04-05', 'es una película de acción de China y Hong Kong de 2013', '3.9', 1),
		(19, 'Malefica', '01:10:00', '2014-03-29', 'es una película estadounidense de fantasía basada en la malvada bruja y hada antagonista de la película de 1959', '4.0', 1),
        (20, 'John Wick: Chapter 3', '02:12:00', '2019-05-31', 'Con una recompensa de 14 millones de dólares por su cabeza, John Wick (Keanu Reeves) está en plena huída.', '4.1', 1);
        
insert into netflix_series (id_series, nombre_serie, numero_de_temporadas, año, sinopsis, calificacion, estado)
values 	(1, 'Juego de Tronos', '8', '2011', 'magistral adaptación televisiva de la serie de novelas Canción de hielo y fuego del escritor estadounidense George R. R. Martin.', '4.7', 1),
		(2, 'Breaking Bad', '5', '2008', 'Altamente aclamado por la crítica, este drama televisivo escrito y producido por Vince Gilligan (Expediente X)', '4.6', 1),
        (3, 'BEAT', '1', '2018', 'Es una serie alemana que se desarrolla en torno a los clubes de Berlín.', '4.6', 1),
        (4, 'Sons of Anarchy', '7', '2018', 'La serie se centra en la sede original de los Hijos de la Anarquía, los Redwood Original, fundadores de la banda', '4.6', 1),
        (5, 'Vikings', '6', '2013', 'está centrado en Ragnar Lothbrok, figura mítica que aseguraba que era el descendiente de Odín', '4.5', 1),
		(6, 'Outlander', '6', '2014', 'Basada en la saga de novelas de Diana Gabaldon, Outlander es una serie que mezcla fantasía, historia y romance en los parajes de Escocia', '4.5', 1),
        (7, 'Supernatural', '15', '2005', 'Drama sobrenatural con notables toques de humor creado por Eric Kripke', '4.5', 1),
        (8, 'Stranger Things', '4', '2016', 'es una serie de televisión dramática de misterio que está ambientada en una localidad de Indiana.', '4.5', 1),
        (9, 'The Originals', '5', '2013', 'es un spin off de Crónicas Vampíricas, exitosa serie basada en las novelas homónimas de la escritora L.J. Smith', '4.5', 1),
		(10, 'The Wire', '5', '2002', 'creadrores de este drama policial que aborda la escena local del narcotráfico', '4.5', 1),
        (11, 'Sherlock', '4', '2010', 'llega esta versión contemporánea del detective más famoso de todos los tiempos', '4.5', 1),
        (12, 'Chernobyl', '1', '2019', 'El 26 de abril de 1986, una de las peores catástrofes humanas se cierne sobre la faz de la tierra.', '4.5',  1),
        (13, 'The Simpsons', '31', '1989', 'De la pluma y mente de Matt Groening, los simpsons', '4.4', 1),
        (14, 'The Walking Dead', '11', '2010', 'un escenario post-pandémico en el que un virus ha acabado con la práctica totalidad de la población mundial convirtiéndolos en zombis.', '4.4', 1),
		(15, 'Friends', '10', '1994', 'la sitcom por antonomasia.', '4.4', 1),
		(16, 'Dexter', '8', '2006', 'un policía forense y un asesino en seriede un especializta que lleva una doble vida', '4.4', 1),
		(17, 'Band of Brothers', '1', '2001', 'Miniserie dramática ambientada en la Segunda Guerra Mundial.', '4.4', 1),
		(18, 'The Big Bang Theory', '12', '2007', 'trata las peripecias de un grupo de geeks, cuyos conocimientos de física superan la brillantez', '4.4', 1),
		(19, 'Teen Wolf', '6', '2011', 'MTV revitaliza para la pequeña pantalla la película De pelo en pecho (1985) de Michael J.', '4.4', 1),
        (20, 'Dark', '3', '2017', 'Dark es una serie original de Netflix del género de thriller de misterio con toques de fantasía sobrenatural.', '4.4', 1);

insert into netflix_idioma (id_idioma, nombre)
values	(1, 'Spanish'),
		(2, 'English'),
        (3, 'Portuguese'),
        (4, 'German'),
        (5, 'Italian'),
        (6, 'French'),
        (7, 'Japanese');


insert into netflix_usuario (numero_documento, primer_nombre, segundo_nombre, primer_apellido, segundo_apellido, email, contraseña, fk_id_documento, fk_id_rol, fk_id_plan)
values 	('1023963637', 'Fabian', 'Andres', 'Lopez', 'Gil', 'falopez736@misena.edu.co', '1023963637666', 1, 1, 3),
		('1010256359', 'Jessica', null, 'Garzon', 'Torres', 'jskey0@csmonitor.com', '1710478144', 1, 2, 1),
		('1020256457', 'Daniel', 'Andres', 'Rincon', 'Alvarez', 'kbinford1@indiatimes.com', '43156164164', 1, 2, 1),
        ('1020476469', 'Adriana', null, 'Rodriguez', null, 'ekarpol2@fastcompany.com', '23477851', 1, 2, 3),
        ('1012585496', 'Sandra', null, 'Moreno', 'Diaz', 'obohlje3@cocolog-nifty.com', '193160111202', 1, 2, 3),
        ('1012584316', 'Carlos', 'Alberto', 'Martinez', 'Ramos', 'dbonifazio5@usa.gov', '2483235112', 1, 2, 2),
        ('1010364819', 'Luis', 'Angel', 'Ruiz', null, 'rrimmer4@nba.com', '197205168248', 1, 2, 2),
        ('1020391753', 'Liliana', null, 'Lopez', null, 'npargeter7@usgs.gov', '4556184176', 1, 2, 3),
        ('1011968451', 'Victor', null, 'Victoria', null, 'bbrende8@nsw.gov.au', '541384544', 1, 2, 1),
        ('1012974812', 'Sara', null, 'Guzman', null, 'mcuphus9@nps.gov', '4780243210', 1, 2, 2),
        ('1017894561', 'Claudia', 'Andrea', 'Hernandez', 'Diaz', 'sdablea@google.ru', '20550124234', 1, 2, 2),
        ('1014568771', 'Oscar', 'Andres', 'Peña', 'Abella', 'pmaydwellb@t.co', '87268061', 1, 2, 3),
        ('1020544556', 'Hector', null, 'Reyes', null, 'sliepmannc@hibu.com', '1631990220', 1, 2, 3),
		('1020587965', 'Samuel', null, 'Bustos', null, 'klaibled@prnewswire.com', '014623563', 1, 2, 2),
        ('1020778965', 'Isabel', 'Cristina', 'Ñieto', 'Cruz', 'etoute@simplemachines.org', '143481166', 1, 2, 1),
        ('1023947586', 'David', null, 'Ruiz', null, 'kjurnf@ucoz.com', '6412519189', 1, 2, 1),
        ('1020785847', 'Marco', 'Antonio', 'Peña', 'Arteaga', 'ascowcroftg@webnode.com', '24165191114', 1, 2, 3),
        ('1022457878', 'Angel', 'Alejandro', 'Reyes', 'Valero', 'hbrownhillh@weather.com', '20419523219', 1, 2, 3),
		('1012456789', 'Karen', 'Alejandra', 'Lopez', 'Martinez', 'bjeroschi@europa.eu', '3039254216', 1, 2, 2),
        ('1020739145', 'Stefanny', null, 'Salazar', null, 'oclayfieldj@buzzfeed.com', '262306485', 1, 2, 3),
        ('1027985215', 'Wilson', null, 'Torres', null, 'ecoopk@psu.edu', '161647099', 1, 2, 2);


insert into netflix_factura (id_factura, fecha, hora, fk_id_plan, fk_id_tipo_pago, fk_numero_documento)
values 	(1, '2019-10-20', '13:00:20', 1, 1, '1010256359'),
		(2, '2019-10-25', '14:25:05', 1, 1, '1020256457'),
        (3, '2019-10-25', '15:30:30', 3, 1, '1020476469'),
        (4, '2019-10-27', '10:15:09', 3, 1, '1012585496'),
        (5, '2019-10-29', '11:35:14', 2, 1, '1012584316'),
        (6, '2019-10-29', '12:40:22', 2, 1, '1010364819'),
        (7, '2019-10-29', '17:20:42', 3, 1, '1020391753'),
        (8, '2019-11-05', '19:10:11', 1, 1, '1011968451'),
        (9, '2019-11-07', '14:36:09', 2, 1, '1012974812'),
        (10, '2019-11-07', '16:22:13', 2, 1, '1017894561'),
        (11, '2019-11-07', '16:35:02', 3, 1, '1014568771'),
        (12, '2019-11-09', '18:40:22', 3, 1, '1020544556'),
        (13, '2019-11-09', '20:12:27', 2, 1, '1020587965'),
        (14, '2019-11-14', '20:12:27', 1, 1, '1020778965'),
        (15, '2019-11-17', '10:19:22', 1, 1, '1023947586'),
        (16, '2019-11-17', '13:55:10', 3, 1, '1020785847'),
        (17, '2019-11-22', '12:25:55', 3, 1, '1022457878'),
        (18, '2019-11-22', '14:30:45', 2, 1, '1012456789'),
        (19, '2019-11-25', '17:40:15', 3, 1, '1020739145'),
        (20, '2019-11-26', '19:30:05', 2, 1, '1027985215');
        
insert into netflix_perfil (id_perfil, nombre_perfil, avatar, fk_numero_documento)
values 	(1, 'Admin', 'F:\Andres\NETFLIX SQL\Imagenes Netflix_Perfil\admin.PNG', '1023963637'),
		(2, 'Jessica', 'F:\Andres\NETFLIX SQL\Imagenes Netflix_Perfil\avatargirl1.PNG', '1010256359'),
        (3, 'Daniel', 'F:\Andres\NETFLIX SQL\Imagenes Netflix_Perfil\avatarmen1.PNG', '1020256457'),
        (4, 'Adriana', 'F:\Andres\NETFLIX SQL\Imagenes Netflix_Perfil\avatargirl2.PNG', '1020476469'),
        (5, 'Sandra', 'F:\Andres\NETFLIX SQL\Imagenes Netflix_Perfil\avatargirl3.PNG', '1012585496'),
        (6, 'Carlos', 'F:\Andres\NETFLIX SQL\Imagenes Netflix_Perfil\avatarmen2.PNG', '1012584316'),
        (7, 'Luis', 'F:\Andres\NETFLIX SQL\Imagenes Netflix_Perfil\avatarmen3.PNG', '1010364819'),
        (8, 'Liliana', 'F:\Andres\NETFLIX SQL\Imagenes Netflix_Perfil\avatargirl1.PNG', '1020391753'),
        (9, 'Victor', 'F:\Andres\NETFLIX SQL\Imagenes Netflix_Perfil\avatarmen1.PNG', '1011968451'),
        (10, 'Sara', 'F:\Andres\NETFLIX SQL\Imagenes Netflix_Perfil\avatargirl2.PNG', '1012974812'),
        (11, 'Claudia', 'F:\Andres\NETFLIX SQL\Imagenes Netflix_Perfil\avatargirl3.PNG', '1017894561'),
        (12, 'Oscar', 'F:\Andres\NETFLIX SQL\Imagenes Netflix_Perfil\avatarmen2.PNG', '1014568771'),
        (13, 'Hector', 'F:\Andres\NETFLIX SQL\Imagenes Netflix_Perfil\avatarmen3.PNG', '1020544556'),
        (14, 'Samuel', 'F:\Andres\NETFLIX SQL\Imagenes Netflix_Perfil\avatarmen1.PNG', '1020587965'),
        (15, 'Isabel', 'F:\Andres\NETFLIX SQL\Imagenes Netflix_Perfil\avatargirl1.PNG', '1020778965'),
        (16, 'David', 'F:\Andres\NETFLIX SQL\Imagenes Netflix_Perfil\avatarmen2.PNG', '1023947586'),
        (17, 'Marco', 'F:\Andres\NETFLIX SQL\Imagenes Netflix_Perfil\avatarmen3.PNG', '1020785847'),
        (18, 'Angel', 'F:\Andres\NETFLIX SQL\Imagenes Netflix_Perfil\avatarmen1.PNG', '1022457878'),
        (19, 'Karen', 'F:\Andres\NETFLIX SQL\Imagenes Netflix_Perfil\avatargirl2.PNG', '1012456789'),
        (20, 'Stefanny', 'F:\Andres\NETFLIX SQL\Imagenes Netflix_Perfil\avatargirl3.PNG', '1020739145'),
        (21, 'Wilson', 'F:\Andres\NETFLIX SQL\Imagenes Netflix_Perfil\avatarmen2.PNG', '1027985215');
        
insert into netflix_perfil_peliculas (fk_id_perfil, fk_id_peliculas)
value 	(1,1),(1,3),(1,15),
		(2,5),(2,10),(2,17),
        (3,5),(3,7),(3,13),
        (4,11),(4,1),(4,16),
        (5,8),(5,12),(5,2),
        (6,8),(5,9),(5,1),
        (7,13),(7,15),(7,17),
        (8,5),(8,3),(8,18),
        (9,13),(9,19),(9,11),
        (10,2),(10,7),(10,4),
        (11,1),(11,5),(11,7),
        (12,5),(12,6),(12,9),
        (13,8),(13,4),(13,16),
        (14,2),(14,15),(14,17),
        (15,11),(15,17),(15,20),
        (16,13),(7,11),(7,19),
        (17,20),(17,1),(17,2),
        (18,10),(18,20),(18,1),
        (19,12),(19,20),(19,3),
        (20,1),(20,18),(20,20);
        
        
insert into netflix_categoria (id_categoria, nombre_categoria)
values 	(1, 'Acción'),
		(2, 'Anime'),
		(3, 'Ciencia ficción'),
		(4, 'Clásicas'),
		(5, 'Comedias'),
		(6, 'Deportes'),
		(7, 'Documentales'),
		(8, 'Dramas'),
		(9, 'Infantiles'),
		(10, 'Independientes'),
		(11, 'Latinoamericanas'),
		(12, 'Musicales'),
		(13, 'Policiales'),
		(14, 'Romance'),
		(15, 'Terror'),
		(16, 'espiritualidad'),
		(17, 'Hollywood'),
		(18, 'Colombianos'),
		(19, 'descargar'),
		(20, 'favoritos');
        
insert into netflix_peliculas_categoria (fk_id_peliculas, fk_id_categoria)
values 	(1,1),(1,3),(1,17),(1,20),
		(2,10),(2,15),
        (3,4),(3,3),
        (4,6),(4,7),
		(5,9),(5,5),
        (6,5),(6,9),
        (7,20),(7,3),(7,8),
        (8,19),(8,3),(8,8),
        (9,7),(9,4),
        (10,8),(10,1),
        (11,16),(11,8),
        (12,18),(12,10),
        (13,15),(13,8),
        (14,12),(14,14),
        (15,2),(15,3),(15,1),(15,8),
        (16,11),
        (17,14),(17,8),(17,4),
        (18,13),(18,1),
        (19,17),(19,9),(19,3),(19,8),
        (20,1),(20,3),(20,17);
        
insert into netflix_peliculas_idioma (fk_id_idioma, fk_id_peliculas)
values  (1,1),(2,1),
		(1,2),(2,2),
        (1,3),(2,3),
        (1,4),(2,4),
        (1,5),(2,5),
        (1,6),(2,6),
        (1,7),(2,7),
        (1,8),(2,8),
        (1,9),(2,9),
        (1,10),(2,10),
        (1,11),(2,11),
        (1,12),(2,12),
        (1,13),(2,13),
        (1,14),(2,14),
        (1,15),(2,15),
        (1,16),(2,16),
        (1,17),(2,17),
        (1,18),(2,18),
        (1,19),(2,19),
        (1,20),(2,20);
        
insert into netflix_categoria_series (fk_id_series, fk_id_categoria)
values	(1,3),(1,1),
		(2,8),(2,13),
        (3,8),
        (4,8),(4,13),
        (5,3),(5,1),
        (6,3),(6,8),(6,14),
        (7,1),(7,8),(7,15),
        (8,3),(8,15),
        (9,15),
        (10,8),(10,13),
        (11,13),
        (12,20),(12,7),(12,15),
        (13,9),(13,20),
        (14,1),(14,15),
        (15,8),(15,5),
        (16,13),(16,1),
        (17,8),(17,1),
        (18,5),
        (19,14),(19,15),(19,1),
        (20,8),(20,15),(20,3);
        
insert into netflix_perfil_series (fk_id_perfil, fk_id_series)
value 	(1,1),(1,3),(1,15),
		(2,5),(2,10),(2,17),
        (3,5),(3,7),(3,13),
        (4,11),(4,1),(4,16),
        (5,8),(5,12),(5,2),
        (6,8),(5,9),(5,1),
        (7,13),(7,15),(7,17),
        (8,5),(8,3),(8,18),
        (9,13),(9,19),(9,11),
        (10,2),(10,7),(10,4),
        (11,1),(11,5),(11,7),
        (12,5),(12,6),(12,9),
        (13,8),(13,4),(13,16),
        (14,2),(14,15),(14,17),
        (15,11),(15,17),(15,20),
        (16,13),(7,11),(7,19),
        (17,20),(17,1),(17,2),
        (18,10),(18,20),(18,1),
        (19,12),(19,20),(19,3),
        (20,1),(20,18),(20,20);
        
insert into netflix_temporadas (id_temporadas, numero, sinopsis, fk_id_series)
values	(1, 1, 'comienza cuando el rey Robert Baratheon ofrece a Ned Stark convertirse en la Mano del Rey.', 1),
		(2, 1, 'Walter White decide entrar en el mundo de las drogas ilegales después de que le diagnosticaran cáncer de pulmón.', 2),
		(3, 1, 'Es una serie alemana que se desarrolla en torno a los clubes de Berlín.', 3),
        (4, 1, 'Los Hijos de la Anarquía son una banda de moteros con un único objetivo: su subsistencia.', 4),
        (5, 1, 'La trama comienza al inicio del año vikingo', 5),
        (6, 1, 'Claire es una enfermera que vive en plena Segunda Guerra Mundial', 6),
        (7, 1, 'Drama sobrenatural con notables toques de humor creado por Eric Kripke', 7),
        (8, 1, 'En el pequeño y aburrido pueblo de Hawkins, unan noche desaparece un niño llamado Will Byers.', 8),
        (9, 1, 'Klaus Mikaelson, el primer vampiro híbrido, deja Mystic Falls y regresa a Nueva Orleans', 9),
        (10, 1, 'creadrores de este drama policial que aborda la escena local del narcotráfico', 10),
        (11, 1, 'Sherlock es un detective no oficial al que el inspector Lestrade recurre', 11),
        (12, 1, 'tuvo lugar este accidente en Vladímir Ilich Lenin, a 3 kilómetros de Pripyat', 12),
        (13, 1, 'De la pluma y mente de Matt Groening, los simpsons', 13),
        (14, 1, 'La primera temporada es una adaptación de los primeros seis cómics de la serie homónima.', 14),
        (15, 1, 'la sitcom por antonomasia.', 15),
        (16, 1, 'un policía forense y un asesino en seriede un especializta que lleva una doble vida', 16),
        (17, 1, 'Miniserie dramática ambientada en la Segunda Guerra Mundial.', 17),
        (18, 1, 'Sheldon (Jim Parsons) y Leonard (Johnny Galecki) son dos científicos que comparten trabajo y apartamento.', 18),
        (19, 1, 'MTV revitaliza para la pequeña pantalla la película De pelo en pecho (1985) de Michael J.', 19),
        (20, 1, 'una pequeña ciudad alemana. Dos niños han desaparecido sin dejar rastro.', 20);
        
insert into netflix_capitulos (id_capitulos, numero, nombre_capitulos, sinopsis, duracion_capitulos, fk_id_temporadas)
values 	(1, 1, 'El Invierno Está Llegando','Eddard Stark, señor de Invernalia, recibe un aviso de un desertor','01:01:57','1'),
		(2, 1, 'Piloto','Walter White, era un famoso investigador químico de un prestigioso Laboratorio del Gobierno','00:58:09','1'),
        (3, 1, 'BEAT','El promotor del club Robert Schlag, alias "Beat", vive una vida de exceso. Rápido y duro','01:01:01','1'),
        (4, 1, 'Piloto','Una pandilla rival roba el arsenal de fusiles de asalto de los Hijos','00:59:57','1'),
        (5, 1, 'Ritos de iniciación','En plena batalla, Ragnar tiene visiones del dios Odín y sus valquirias','00:44:11','1'),
        (6, 1, 'Sassenach','Durante su segunda luna de miel en Escocia, la exenfermera del ejército Claire cruza un portal al pasado','01:03:27','1'),
        (7, 1, 'Piloto','Tras la misteriosa muerte de su madre, Sam y Dean Winchester son criados por su padre como cazadores de seres sobrenaturales','00:46:25','1'),
        (8, 1, 'desaparición de Byers','un científico escapa de algo que le persigue entre las sombras pero, cuando cree estar a salvo, es finalmente apresado.','00:47:57','1'),
        (9, 1, 'Por siempre','Elijah viaja a Nueva Orleans tras enterarse que Klaus llegó a la ciudad para intentar parar una conspiración que se está gestando en su contra. ','00:42:52','1'),
        (10, 1, 'El objetivo','El detective de homicidios Jimmy McNulty acude al juicio por asesinato en el que está inculpado','01:02:12','1'),
        (11, 1, 'El Estudio rosa','Una mujer yace muerta en lo que parece el cuarto de una serie de suicidios que aparentemente imposibles.','01:28:14','1'),
        (12, 1, 'Chernobyl','26 de abril de 1986, RSS de Ucrania. Trabajadores de la planta y bomberos arriesgan sus vidas para controlar una catastrófica explosión','01:23:45','1'),
        (13, 1, 'Especial Navidad','una parodia satírica del estilo de la clase media americana','00:23:13','1'),
        (14, 1, 'Los días pasan','Rick va en busca de su familia después de despertar de un coma y descubrir un mundo aterrorizado por los zombies.','01:07:10','1'),
        (15, 1, 'Estreno','Rachel huye de su boda y se reúne con los amigos en la cafetería.','00:22:49','1'),
        (16, 1, 'Dexter','Cuando el experto en manchas de sangre de la Policía de Miami Dexter Morgan no está resolviendo crímenes','00:53:03','1'),
        (17, 1, 'Currahee','Easy Company pasa por un entrenamiento bajo el liderazgo de un capitán que implacablemente los empuja a sus límites','01:13:27','1'),
        (18, 1, 'Piloto','Después de una visita sin éxito al banco de semen','00:22:57','1'),
        (19, 1, 'Luna de lobo','Todo en la vida de Scott McCall está comenzando a encajar','00:41:10','1'),
        (20, 1, 'Secretos','2019. La desaparición de un niño local aterroriza a los habitantes de Winden','00:51:30','1');
        
insert into netflix_capitulos_idioma (fk_id_idioma, fk_id_capitulos)
values  (1,1),(2,1),
		(1,2),(2,2),
        (1,3),(2,3),
        (1,4),(2,4),
        (1,5),(2,5),
        (1,6),(2,6),
        (1,7),(2,7),
        (1,8),(2,8),
        (1,9),(2,9),
        (1,10),(2,10),
        (1,11),(2,11),
        (1,12),(2,12),
        (1,13),(2,13),
        (1,14),(2,14),
        (1,15),(2,15),
        (1,16),(2,16),
        (1,17),(2,17),
        (1,18),(2,18),
        (1,19),(2,19),
        (1,20),(2,20);